Date,XB2,Retail
2011-12-30,265.74,327.8
2011-12-31,265.74,327.9
2012-01-01,265.74,327.9
2012-01-02,265.74,328.8
2012-01-03,275.34,331.9
2012-01-04,279.49,335.2
2012-01-05,274.8,336.6
2012-01-06,276.42,337.1
2012-01-07,276.42,337.4
2012-01-08,276.42,337.2
2012-01-09,276.89,337.2
2012-01-10,277.92,338.2
2012-01-11,277.03,339.1
2012-01-12,273.7,339.1
2012-01-13,273.97,338.8
2012-01-14,273.97,338.7
2012-01-15,273.97,338.1
2012-01-16,273.97,337.8
2012-01-17,277.96,337.8
2012-01-18,282.92,338.2
2012-01-19,282.28,338.6
2012-01-20,279.03,338.5
2012-01-21,279.03,338.3
2012-01-22,279.03,338.1
2012-01-23,278.56,337.9
2012-01-24,281.05,337.9
2012-01-25,283.74,338.9
2012-01-26,285.08,340.6
2012-01-27,292.34,341.9
2012-01-28,292.34,342.9
2012-01-29,292.34,344.3
2012-01-30,287.27,345
2012-01-31,289.09,345.5
2012-02-01,301.21,346.7
2012-02-02,299.83,347.5
2012-02-03,304.66,347.8
2012-02-04,304.66,348
2012-02-05,304.66,348
2012-02-06,306.74,348.3
2012-02-07,306.74,348.8
2012-02-08,310.99,349.7
2012-02-09,315.22,350.6
2012-02-10,312.24,350.9
2012-02-11,312.24,351.1
2012-02-12,312.24,351.3
2012-02-13,316,351.8
2012-02-14,314.04,352.3
2012-02-15,316.92,352.9
2012-02-16,320.66,353.8
2012-02-17,318.76,355.6
2012-02-18,318.76,356.5
2012-02-19,318.76,357
2012-02-20,318.76,357.9
2012-02-21,324.85,361.2
2012-02-22,326.3,364.7
2012-02-23,328.8,367.4
2012-02-24,332.47,368.8
2012-02-25,332.47,369.8
2012-02-26,332.47,371.6
2012-02-27,330.27,373.1
2012-02-28,322.47,373.8
2012-02-29,325.72,374.1
2012-03-01,334.25,375.7
2012-03-02,326.79,376.4
2012-03-03,326.79,376.7
2012-03-04,326.79,376.4
2012-03-05,325.71,376.1
2012-03-06,322.93,375.8
2012-03-07,328.38,375.8
2012-03-08,331.38,377.8
2012-03-09,332.92,379.2
2012-03-10,332.92,380.1
2012-03-11,332.92,380.5
2012-03-12,332.18,381.1
2012-03-13,335.33,382.1
2012-03-14,334.29,383.1
2012-03-15,328.42,383.5
2012-03-16,335.35,383.8
2012-03-17,335.35,384.2
2012-03-18,335.35,384.6
2012-03-19,336.18,386.4
2012-03-20,335.13,388.1
2012-03-21,334.52,388.9
2012-03-22,332.57,389.2
2012-03-23,336.89,389.4
2012-03-24,336.89,389.7
2012-03-25,336.89,389.8
2012-03-26,339.87,391.1
2012-03-27,338.64,392.1
2012-03-28,336.21,392.5
2012-03-29,333.97,392.5
2012-03-30,330.81,392.5
2012-03-31,330.81,392.5
2012-04-01,330.81,392.3
2012-04-02,331.37,392.8
2012-04-03,331.46,393.6
2012-04-04,326.28,393.6
2012-04-05,327.66,393.2
2012-04-06,327.66,392.9
2012-04-07,327.66,392.7
2012-04-08,327.66,392.2
2012-04-09,323.46,391.5
2012-04-10,318.24,390.7
2012-04-11,321.57,390.1
2012-04-12,326.98,390.4
2012-04-13,326.67,390.7
2012-04-14,326.67,390.7
2012-04-15,326.67,390.4
2012-04-16,319.41,389.9
2012-04-17,317.52,389.1
2012-04-18,314.89,388.1
2012-04-19,311.58,387.1
2012-04-20,311,386.3
2012-04-21,311,385.8
2012-04-22,311,384.9
2012-04-23,314.76,384
2012-04-24,312.41,383
2012-04-25,311.91,382.6
2012-04-26,313.28,382.3
2012-04-27,314.45,381.9
2012-04-28,314.45,381.6
2012-04-29,314.45,380.9
2012-04-30,312.46,380.3
2012-05-01,306.43,380.3
2012-05-02,304.16,380.2
2012-05-03,300.78,379.2
2012-05-04,293.3,378.3
2012-05-05,293.3,377.7
2012-05-06,293.3,376.3
2012-05-07,292.87,375
2012-05-08,293.94,373.9
2012-05-09,295.7,373.4
2012-05-10,294.22,373
2012-05-11,293.31,372.8
2012-05-12,293.31,372.7
2012-05-13,293.31,372.7
2012-05-14,290.16,372.8
2012-05-15,289.16,372.2
2012-05-16,286.51,371.3
2012-05-17,281.74,370.1
2012-05-18,282.02,369
2012-05-19,282.02,368.9
2012-05-20,282.02,368
2012-05-21,286.46,367.8
2012-05-22,285.92,367.6
2012-05-23,280.15,366.6
2012-05-24,281.93,365.3
2012-05-25,283.17,364.5
2012-05-26,283.17,364.1
2012-05-27,283.17,363.6
2012-05-28,283.17,362.6
2012-05-29,283.35,362
2012-05-30,277.39,361.1
2012-05-31,272.27,359.8
2012-06-01,259.44,359
2012-06-02,259.44,358.5
2012-06-03,259.44,357
2012-06-04,260.48,356.5
2012-06-05,261.41,356
2012-06-06,263.16,355.5
2012-06-07,262.22,354.7
2012-06-08,262.15,354.2
2012-06-09,262.15,354
2012-06-10,262.15,354.2
2012-06-11,258.77,353.9
2012-06-12,258.33,353.2
2012-06-13,258.41,352.4
2012-06-14,260.36,351.5
2012-06-15,262.57,350.9
2012-06-16,262.57,350.5
2012-06-17,262.57,349.7
2012-06-18,258.65,348.7
2012-06-19,256.99,347.2
2012-06-20,250.73,345.4
2012-06-21,245.2,343.4
2012-06-22,246.76,342
2012-06-23,246.76,341.1
2012-06-24,246.76,339.7
2012-06-25,249.82,338.3
2012-06-26,252.29,336.9
2012-06-27,249.89,335.3
2012-06-28,247.73,333.7
2012-06-29,263.18,333
2012-06-30,263.18,332.6
2012-07-01,263.18,332.9
2012-07-02,254.13,333.6
2012-07-03,263.03,333.8
2012-07-04,263.03,335.8
2012-07-05,265.52,337.6
2012-07-06,260.26,338.1
2012-07-07,260.26,338.2
2012-07-08,260.26,338.1
2012-07-09,264.36,338.3
2012-07-10,261.46,338.4
2012-07-11,264.22,338.8
2012-07-12,266.89,339.3
2012-07-13,268.73,339.6
2012-07-14,268.73,339.6
2012-07-15,268.73,340.6
2012-07-16,272.87,342.6
2012-07-17,273.49,343.7
2012-07-18,277.55,344.7
2012-07-19,284.14,345.9
2012-07-20,284.45,346.7
2012-07-21,284.45,347.1
2012-07-22,284.45,347.7
2012-07-23,276.38,348.5
2012-07-24,272.58,349
2012-07-25,271.62,348.8
2012-07-26,273.7,348.5
2012-07-27,279.67,348.5
2012-07-28,279.67,348.6
2012-07-29,279.67,350
2012-07-30,281.84,352.1
2012-07-31,277.43,353.4
2012-08-01,262.81,356.7
2012-08-02,264.17,359.5
2012-08-03,271.27,361
2012-08-04,271.27,361.9
2012-08-05,271.27,363.4
2012-08-06,271.73,364.7
2012-08-07,278.19,366.2
2012-08-08,278.29,367.3
2012-08-09,280.83,367.3
2012-08-10,280.6,368.5
2012-08-11,280.6,369.2
2012-08-12,280.6,370.2
2012-08-13,281.21,370.9
2012-08-14,281.98,371
2012-08-15,288.82,371.6
2012-08-16,290.41,372
2012-08-17,286.84,372
2012-08-18,286.84,372
2012-08-19,286.84,371.7
2012-08-20,287.29,371.6
2012-08-21,290.68,371.8
2012-08-22,293.82,373
2012-08-23,294.84,374.3
2012-08-24,291.05,374.8
2012-08-25,291.05,375
2012-08-26,291.05,375.6
2012-08-27,295,380.4
2012-08-28,293.33,382.6
2012-08-29,291.68,382.9
2012-08-30,290.8,382.7
2012-08-31,297.28,382.7
2012-09-01,297.28,382.7
2012-09-02,297.28,382.4
2012-09-03,297.28,382.4
2012-09-04,286.18,382.3
2012-09-05,285.34,382.2
2012-09-06,287.79,382.2
2012-09-07,289.92,382.5
2012-09-08,289.92,382.8
2012-09-09,289.92,384.3
2012-09-10,290.51,385.8
2012-09-11,292.11,386.9
2012-09-12,290.56,387.1
2012-09-13,288.93,386.7
2012-09-14,293.15,386.4
2012-09-15,293.15,386.2
2012-09-16,293.15,385.9
2012-09-17,285.96,385.4
2012-09-18,280.92,384.6
2012-09-19,272.73,383.3
2012-09-20,278.09,382.1
2012-09-21,281.95,381.4
2012-09-22,281.95,380.8
2012-09-23,281.95,381
2012-09-24,278.77,380.5
2012-09-25,282.24,379.5
2012-09-26,287.38,378.7
2012-09-27,289.72,378.3
2012-09-28,292.01,378.3
2012-09-29,292.01,378.2
2012-09-30,292.01,378
2012-10-01,279.04,378.2
2012-10-02,275.53,378.4
2012-10-03,268.21,378.9
2012-10-04,279.84,380.6
2012-10-05,280.06,380.6
2012-10-06,280.06,381.8
2012-10-07,280.06,381.5
2012-10-08,276.23,381.3
2012-10-09,282.59,381.3
2012-10-10,283.44,381
2012-10-11,285.88,380.2
2012-10-12,281.38,379.4
2012-10-13,281.38,378.7
2012-10-14,281.38,377.3
2012-10-15,279.93,375.6
2012-10-16,280.21,373.7
2012-10-17,276.42,371.5
2012-10-18,272.69,369.2
2012-10-19,267.21,367.6
2012-10-20,267.21,366.5
2012-10-21,267.21,364.8
2012-10-22,263.48,362.5
2012-10-23,259.11,359.9
2012-10-24,259.13,357.5
2012-10-25,263.23,355.4
2012-10-26,264.17,354.8
2012-10-27,264.17,354.3
2012-10-28,264.17,353.4
2012-10-29,264.11,352.1
2012-10-30,261.55,350.7
2012-10-31,263.03,349.6
2012-11-01,260.93,348.3
2012-11-02,255.74,347.5
2012-11-03,255.74,347
2012-11-04,255.74,346.3
2012-11-05,260.01,346.2
2012-11-06,268.09,346.4
2012-11-07,257.59,345.6
2012-11-08,258.74,344.5
2012-11-09,265.79,343.9
2012-11-10,265.79,343.7
2012-11-11,265.79,344
2012-11-12,263.88,344.3
2012-11-13,262.58,343.8
2012-11-14,265.21,343
2012-11-15,266.12,342.2
2012-11-16,268.19,341.8
2012-11-17,268.19,341.6
2012-11-18,268.19,341.2
2012-11-19,273.21,342.6
2012-11-20,268.84,343.2
2012-11-21,272.25,343.1
2012-11-22,272.25,342.9
2012-11-23,272.04,342.6
2012-11-24,272.04,342.3
2012-11-25,272.04,341.9
2012-11-26,270.39,341.5
2012-11-27,269.56,340.9
2012-11-28,268.77,340.2
2012-11-29,273.34,339.6
2012-11-30,273.03,339.1
2012-12-01,273.03,338.7
2012-12-02,273.03,338.1
2012-12-03,272.51,338
2012-12-04,269.09,337.9
2012-12-05,264.37,337.1
2012-12-06,260.35,335.8
2012-12-07,260.47,334.7
2012-12-08,260.47,334
2012-12-09,260.47,332.8
2012-12-10,260.71,331.5
2012-12-11,262.05,330.1
2012-12-12,265.41,328.6
2012-12-13,260.93,327
2012-12-14,266.08,325.7
2012-12-15,266.08,324.8
2012-12-16,266.08,323.6
2012-12-17,264.96,322.6
2012-12-18,268.42,321.9
2012-12-19,273.38,323.2
2012-12-20,274,324.4
2012-12-21,271.58,324.6
2012-12-22,271.58,324.7
2012-12-23,271.58,324.7
2012-12-24,272.57,324.7
2012-12-25,272.57,326.1
2012-12-26,278.85,327.9
2012-12-27,278.93,328.9
2012-12-28,275.85,329.2
2012-12-29,275.85,329.2
2012-12-30,275.85,329.2
2012-12-31,276.17,329.1
2013-01-01,276.17,329.2
2013-01-02,279,329.5
2013-01-03,279.36,329.9
2013-01-04,276.82,329.9
2013-01-05,276.82,329.7
2013-01-06,276.82,330
2013-01-07,278.32,330.4
2013-01-08,280.26,331
2013-01-09,278.98,331.3
2013-01-10,280.26,331.1
2013-01-11,275.43,330.7
2013-01-12,275.43,330.4
2013-01-13,275.43,329.7
2013-01-14,277.19,329.4
2013-01-15,272.61,329.2
2013-01-16,273.85,329.3
2013-01-17,278.25,330.1
2013-01-18,281.13,330.4
2013-01-19,281.13,330.5
2013-01-20,281.13,331
2013-01-21,281.13,331.6
2013-01-22,284.11,332.1
2013-01-23,284.89,333.1
2013-01-24,287.67,334.1
2013-01-25,288.98,334.7
2013-01-26,288.98,334.9
2013-01-27,288.98,336.4
2013-01-28,294.09,339.4
2013-01-29,297.63,342.3
2013-01-30,303.32,346.2
2013-01-31,303.17,349.7
2013-02-01,320.62,351.4
2013-02-02,320.62,352.3
2013-02-03,320.62,353.3
2013-02-04,316.87,354.6
2013-02-05,320.46,355.5
2013-02-06,322.21,356.7
2013-02-07,320.07,357.8
2013-02-08,325.71,358.2
2013-02-09,325.71,358.7
2013-02-10,325.71,360.4
2013-02-11,322.53,361.8
2013-02-12,326.07,362.8
2013-02-13,327.18,364.3
2013-02-14,331.64,368.5
2013-02-15,331.38,371.4
2013-02-16,331.38,373
2013-02-17,331.38,374.8
2013-02-18,331.38,376.6
2013-02-19,331.52,377.8
2013-02-20,325.85,378.1
2013-02-21,323.4,378
2013-02-22,326.58,377.7
2013-02-23,326.58,377.7
2013-02-24,326.58,378.2
2013-02-25,326.36,378.6
2013-02-26,319.88,378.2
2013-02-27,310.63,377.1
2013-02-28,311.17,375.9
2013-03-01,308.86,375.1
2013-03-02,308.86,374.6
2013-03-03,308.86,373.7
2013-03-04,306.83,372.7
2013-03-05,311.96,371.9
2013-03-06,310.53,371.2
2013-03-07,310.75,370.3
2013-03-08,318.35,369.8
2013-03-09,318.35,369.6
2013-03-10,318.35,370.3
2013-03-11,314.29,370.6
2013-03-12,313.81,370.1
2013-03-13,313.18,369.5
2013-03-14,312.97,368.9
2013-03-15,315.03,368.6
2013-03-16,315.03,368.5
2013-03-17,315.03,369.2
2013-03-18,311.76,369.7
2013-03-19,304.03,369.1
2013-03-20,310.2,368.6
2013-03-21,305.97,367.7
2013-03-22,305.12,367.1
2013-03-23,305.12,366.7
2013-03-24,305.12,365.8
2013-03-25,305.42,365
2013-03-26,310.25,364.5
2013-03-27,311.18,364.2
2013-03-28,311.06,363.9
2013-03-29,311.06,363.6
2013-03-30,311.06,363.4
2013-03-31,311.06,363.7
2013-04-01,308.21,364
2013-04-02,302.99,363.6
2013-04-03,290.81,362.5
2013-04-04,289.61,361.1
2013-04-05,285.95,360.1
2013-04-06,285.95,359.3
2013-04-07,285.95,358.3
2013-04-08,290.44,357.2
2013-04-09,293.87,356.4
2013-04-10,287.5,355.8
2013-04-11,284.02,354.1
2013-04-12,281.01,353.2
2013-04-13,281.01,352.6
2013-04-14,281.01,352.2
2013-04-15,276.07,351.9
2013-04-16,277.41,351.2
2013-04-17,272.05,350.6
2013-04-18,274.83,351.3
2013-04-19,276.14,351.7
2013-04-20,276.14,351.8
2013-04-21,276.14,351.5
2013-04-22,276.15,351.6
2013-04-23,271.67,351.2
2013-04-24,275.18,350.5
2013-04-25,281.06,350.2
2013-04-26,282.73,350
2013-04-27,282.73,350
2013-04-28,282.73,350.8
2013-04-29,282.2,352.2
2013-04-30,280.2,352.5
2013-05-01,270.61,352.2
2013-05-02,276.54,352
2013-05-03,280.72,352
2013-05-04,280.72,352.1
2013-05-05,280.72,352.5
2013-05-06,284.99,353.9
2013-05-07,282.15,354.9
2013-05-08,284.09,356
2013-05-09,286.82,357.2
2013-05-10,284.66,357.6
2013-05-11,284.66,357.9
2013-05-12,284.66,358.2
2013-05-13,280.84,358.8
2013-05-14,282.04,360.1
2013-05-15,284.8,361.8
2013-05-16,286.29,364
2013-05-17,289.13,364.9
2013-05-18,289.13,365.3
2013-05-19,289.13,365.4
2013-05-20,289.24,366
2013-05-21,283.79,365.9
2013-05-22,281.22,365.1
2013-05-23,281.81,364.1
2013-05-24,282.81,363.4
2013-05-25,282.81,363.1
2013-05-26,282.81,362.6
2013-05-27,282.81,362.1
2013-05-28,284.54,361.9
2013-05-29,279.8,361.2
2013-05-30,280.73,360.5
2013-05-31,275.49,361.7
2013-06-01,275.49,362.3
2013-06-02,275.49,361.9
2013-06-03,276.54,361.7
2013-06-04,279.94,363
2013-06-05,280.39,363.3
2013-06-06,283.15,363.3
2013-06-07,285.62,363.2
2013-06-08,285.62,363.5
2013-06-09,285.62,363.3
2013-06-10,283.56,363.4
2013-06-11,280.99,363.2
2013-06-12,280.16,362.5
2013-06-13,284.89,361.8
2013-06-14,288.3,361.4
2013-06-15,288.3,361.1
2013-06-16,288.3,360.7
2013-06-17,284.75,360.3
2013-06-18,287.06,359.8
2013-06-19,288.34,359.2
2013-06-20,277.75,358.2
2013-06-21,274.67,357.3
2013-06-22,274.67,356.7
2013-06-23,274.67,355.4
2013-06-24,272.71,354.1
2013-06-25,272.48,352.8
2013-06-26,271.78,351.4
2013-06-27,272.81,350.1
2013-06-28,271.56,349.2
2013-06-29,271.56,348.7
2013-06-30,271.56,347.8
2013-07-01,271.99,347.7
2013-07-02,276.34,347.7
2013-07-03,281.54,347.6
2013-07-04,281.54,347.4
2013-07-05,287,347.4
2013-07-06,287,347.4
2013-07-07,287,348.3
2013-07-08,286.17,350.1
2013-07-09,289.49,351.8
2013-07-10,296.76,355
2013-07-11,297.1,358.2
2013-07-12,304.39,360
2013-07-13,304.39,361.3
2013-07-14,304.39,363.5
2013-07-15,303.03,365.7
2013-07-16,305.3,366.9
2013-07-17,303.81,367.2
2013-07-18,304.49,367.2
2013-07-19,305.81,367.1
2013-07-20,305.81,367.1
2013-07-21,305.81,366.6
2013-07-22,301.82,366
2013-07-23,302.9,365.5
2013-07-24,302.19,364.8
2013-07-25,298.55,363.9
2013-07-26,300.33,363.4
2013-07-27,300.33,363.1
2013-07-28,300.33,362.4
2013-07-29,297.8,362.7
2013-07-30,297.5,363
2013-07-31,299.63,362.6
2013-08-01,288.29,362.1
2013-08-02,285.57,361.7
2013-08-03,285.57,361.4
2013-08-04,285.57,360.8
2013-08-05,282.37,360
2013-08-06,278.74,358.9
2013-08-07,275.09,357.7
2013-08-08,273.83,356.3
2013-08-09,278.32,355.5
2013-08-10,278.32,354.9
2013-08-11,278.32,354.2
2013-08-12,278.54,353.9
2013-08-13,281.94,353.9
2013-08-14,284.77,354.1
2013-08-15,285.45,354.2
2013-08-16,284.64,354
2013-08-17,284.64,353.8
2013-08-18,284.64,353.7
2013-08-19,281.63,353.3
2013-08-20,281.84,353.4
2013-08-21,281.84,353.6
2013-08-22,283.84,354.1
2013-08-23,287.07,354.1
2013-08-24,287.07,354.1
2013-08-25,287.07,354.2
2013-08-26,283.45,354.6
2013-08-27,291.27,356.4
2013-08-28,296.16,358.5
2013-08-29,293.06,359.3
2013-08-30,289.01,359.4
2013-08-31,289.01,359.4
2013-09-01,289.01,359.1
2013-09-02,289.01,358.9
2013-09-03,283.74,358.7
2013-09-04,284.22,358.4
2013-09-05,282.23,357.8
2013-09-06,284.33,357.1
2013-09-07,284.33,357
2013-09-08,284.33,356.4
2013-09-09,279.5,355.8
2013-09-10,272.45,355
2013-09-11,270.42,354
2013-09-12,275.37,353.1
2013-09-13,275.69,352.3
2013-09-14,275.69,351.7
2013-09-15,275.69,351.2
2013-09-16,270.65,350.6
2013-09-17,264.95,349.4
2013-09-18,272.68,349.1
2013-09-19,267.96,348.6
2013-09-20,266.74,347.9
2013-09-21,266.74,347.2
2013-09-22,266.74,346.1
2013-09-23,261.5,344.7
2013-09-24,264.69,343.4
2013-09-25,265.69,342.2
2013-09-26,268.87,341.2
2013-09-27,266.02,340.5
2013-09-28,266.02,339.9
2013-09-29,266.02,339.3
2013-09-30,262.82,338.5
2013-10-01,259.47,337.6
2013-10-02,261.43,336.6
2013-10-03,262.2,335.7
2013-10-04,259.64,335
2013-10-05,259.64,334.6
2013-10-06,259.64,334.9
2013-10-07,261.71,335.4
2013-10-08,262.17,335.1
2013-10-09,260.82,334.5
2013-10-10,268.33,334.5
2013-10-11,265.28,334.4
2013-10-12,265.28,334.3
2013-10-13,265.28,334.7
2013-10-14,264.89,335.7
2013-10-15,264.44,336
2013-10-16,268.38,336
2013-10-17,263.44,335.6
2013-10-18,265.79,335.3
2013-10-19,265.79,334.9
2013-10-20,265.79,334.4
2013-10-21,264.01,333.9
2013-10-22,260.68,332.9
2013-10-23,254.31,331.5
2013-10-24,257.24,330.2
2013-10-25,256.74,329.3
2013-10-26,256.74,328.5
2013-10-27,256.74,327.8
2013-10-28,261.03,327.9
2013-10-29,259.17,327.9
2013-10-30,262.16,327.5
2013-10-31,258.7,326.6
2013-11-01,254.61,325.8
2013-11-02,254.61,325.2
2013-11-03,254.61,324
2013-11-04,252.65,323.2
2013-11-05,251.23,322.2
2013-11-06,253.9,321.1
2013-11-07,249.94,319.9
2013-11-08,254.63,319.2
2013-11-09,254.63,318.6
2013-11-10,254.63,317.9
2013-11-11,258.73,318.6
2013-11-12,257.44,319.4
2013-11-13,261.31,319.9
2013-11-14,266.24,320.6
2013-11-15,263.89,320.8
2013-11-16,263.89,320.8
2013-11-17,263.89,320.9
2013-11-18,263.64,321.2
2013-11-19,261.99,322
2013-11-20,264.58,323.5
2013-11-21,271.91,326.2
2013-11-22,271.11,327.5
2013-11-23,271.11,328
2013-11-24,271.11,328.6
2013-11-25,267.36,328.7
2013-11-26,268.25,328.3
2013-11-27,269.46,327.9
2013-11-28,269.46,327.4
2013-11-29,266.28,327.2
2013-11-30,266.28,326.8
2013-12-01,266.28,326.3
2013-12-02,269.36,325.7
2013-12-03,273.83,325.2
2013-12-04,273.38,325.9
2013-12-05,272.69,326.3
2013-12-06,274.1,326.4
2013-12-07,274.1,326.3
2013-12-08,274.1,325.9
2013-12-09,269.01,325.7
2013-12-10,269.57,325.3
2013-12-11,267.68,324.8
2013-12-12,264.86,323.9
2013-12-13,264.38,323.3
2013-12-14,264.38,322.8
2013-12-15,264.38,322.2
2013-12-16,265.86,321.6
2013-12-17,265.86,321.2
2013-12-18,270.77,322.2
2013-12-19,274.69,323.6
2013-12-20,278.48,324.4
2013-12-21,278.48,325
2013-12-22,278.48,325.8
2013-12-23,278.07,326.4
2013-12-24,281.34,326.8
2013-12-25,281.34,328.3
2013-12-26,281.49,330.2
2013-12-27,280.95,330.9
2013-12-28,280.95,331.2
2013-12-29,280.95,331.8
2013-12-30,278.69,332.3
2013-12-31,278.59,332.5
2014-01-01,278.59,332.6
2014-01-02,270.87,332.2
2014-01-03,266.33,331.7
2014-01-04,266.33,331.7
2014-01-05,266.33,331.4
2014-01-06,265.99,331
2014-01-07,268.75,330.7
2014-01-08,266.83,331.2
2014-01-09,265.52,331.5
2014-01-10,267.97,331.3
2014-01-11,267.97,331.2
2014-01-12,267.97,330.8
2014-01-13,264.7,330.6
2014-01-14,263.53,330.2
2014-01-15,264.2,329.6
2014-01-16,261.09,329.1
2014-01-17,263.09,328.7
2014-01-18,263.09,328.4
2014-01-19,263.09,327.9
2014-01-20,263.09,328.3
2014-01-21,263.34,328.7
2014-01-22,268.82,328.8
2014-01-23,266.97,328.7
2014-01-24,267.06,328.5
2014-01-25,267.06,328.2
2014-01-26,267.06,327.9
2014-01-27,263.29,327.7
2014-01-28,263.76,327.5
2014-01-29,266.86,327.8
2014-01-30,267.43,328.1
2014-01-31,263.14,328
2014-02-01,263.14,327.9
2014-02-02,263.14,327.4
2014-02-03,279.57,327.2
2014-02-04,279.31,327
2014-02-05,282.69,326.9
2014-02-06,286.09,327
2014-02-07,292.38,328.4
2014-02-08,292.38,329.4
2014-02-09,292.38,330.7
2014-02-10,290.43,331.7
2014-02-11,292.69,332.7
2014-02-12,293.67,333.5
2014-02-13,294.81,333.8
2014-02-14,297.22,335.2
2014-02-15,297.22,335.8
2014-02-16,297.22,336.6
2014-02-17,297.22,337.5
2014-02-18,300.07,338.3
2014-02-19,299.68,338.9
2014-02-20,302.1,339.4
2014-02-21,300.3,340.9
2014-02-22,300.3,341.9
2014-02-23,300.3,342.6
2014-02-24,300.7,343.2
2014-02-25,297.16,343.6
2014-02-26,298.57,344.8
2014-02-27,296.05,345.4
2014-02-28,297.74,345.6
2014-03-01,297.74,345.9
2014-03-02,297.74,346
2014-03-03,301.2,346.4
2014-03-04,297.46,347.4
2014-03-05,292.97,348.4
2014-03-06,293.62,348.8
2014-03-07,296.44,348.8
2014-03-08,296.44,348.9
2014-03-09,296.44,348.8
2014-03-10,294.08,349
2014-03-11,295.72,350.4
2014-03-12,294.44,351.3
2014-03-13,292.41,351.6
2014-03-14,295.02,351.7
2014-03-15,295.02,352.1
2014-03-16,295.02,352.4
2014-03-17,287.31,352.8
2014-03-18,289.53,352.8
2014-03-19,286.27,352.5
2014-03-20,288.89,352.3
2014-03-21,289.96,352.5
2014-03-22,289.96,352.9
2014-03-23,289.96,353.1
2014-03-24,288.57,353.5
2014-03-25,288.17,353.6
2014-03-26,290.63,353.7
2014-03-27,293.94,354.1
2014-03-28,293.67,354.8
2014-03-29,293.67,355.5
2014-03-30,293.67,355.6
2014-03-31,291.79,356.1
2014-04-01,285.37,356.6
2014-04-02,284.51,357
2014-04-03,288.83,357.4
2014-04-04,290.68,357.7
2014-04-05,290.68,357.9
2014-04-06,290.68,358.6
2014-04-07,290.05,360.1
2014-04-08,295.34,361.2
2014-04-09,297.91,362.3
2014-04-10,297.54,363.2
2014-04-11,297.62,363.5
2014-04-12,297.62,363.8
2014-04-13,297.62,364.3
2014-04-14,300.31,365.3
2014-04-15,301.11,365.7
2014-04-16,301.09,366.3
2014-04-17,302.28,366.7
2014-04-18,302.28,366.8
2014-04-19,302.28,366.9
2014-04-20,302.28,366.7
2014-04-21,304.49,367.3
2014-04-22,304.46,368.5
2014-04-23,304.04,369.3
2014-04-24,304.52,369.5
2014-04-25,302.66,369.6
2014-04-26,302.66,369.6
2014-04-27,302.66,369.3
2014-04-28,298.64,369.1
2014-04-29,300.8,368.7
2014-04-30,296.44,368.3
2014-05-01,290.79,367.9
2014-05-02,291.87,367.5
2014-05-03,291.87,367.3
2014-05-04,291.87,366.7
2014-05-05,288.53,366.6
2014-05-06,286.5,366.5
2014-05-07,289.78,366.3
2014-05-08,288.54,365.8
2014-05-09,287.81,365.4
2014-05-10,287.81,365.2
2014-05-11,287.81,364.4
2014-05-12,289.87,364
2014-05-13,291.56,364.1
2014-05-14,295.09,364.8
2014-05-15,294.52,364.7
2014-05-16,295.55,364.6
2014-05-17,295.55,364.6
2014-05-18,295.55,364.2
2014-05-19,294.91,364.1
2014-05-20,295.02,364.9
2014-05-21,297.93,365.6
2014-05-22,298.84,365.6
2014-05-23,300.66,365.6
2014-05-24,300.66,365.7
2014-05-25,300.66,365.4
2014-05-26,300.66,365
2014-05-27,298.07,365.1
2014-05-28,298.81,366.1
2014-05-29,299.58,366.8
2014-05-30,297.19,366.9
2014-05-31,297.19,366.9
2014-06-01,297.19,366.5
2014-06-02,292.02,366.3
2014-06-03,291.82,366
2014-06-04,290.28,365.8
2014-06-05,292.4,365.6
2014-06-06,290.98,365.4
2014-06-07,290.98,365.3
2014-06-08,290.98,364.6
2014-06-09,295.33,364.4
2014-06-10,294.38,364.7
2014-06-11,296.6,364.9
2014-06-12,304.38,365.7
2014-06-13,302.34,366.1
2014-06-14,302.34,366.2
2014-06-15,302.34,366.4
2014-06-16,304.05,366.9
2014-06-17,305.8,367.5
2014-06-18,306.61,367.9
2014-06-19,309.28,368.1
2014-06-20,309.62,368.2
2014-06-21,309.62,368.3
2014-06-22,309.62,368.1
2014-06-23,307.92,368.1
2014-06-24,309.65,368.4
2014-06-25,307.05,368.4
2014-06-26,306.12,368.1
2014-06-27,307.42,367.8
2014-06-28,307.42,367.6
2014-06-29,307.42,367.2
2014-06-30,304.33,367
2014-07-01,300.21,366.7
2014-07-02,298.72,366.3
2014-07-03,298.28,366
2014-07-04,298.28,365.6
2014-07-05,298.28,365.5
2014-07-06,298.28,364.9
2014-07-07,295.7,364.5
2014-07-08,294.1,363.9
2014-07-09,290.96,363.1
2014-07-10,292.91,362.3
2014-07-11,288.1,361.7
2014-07-12,288.1,361.4
2014-07-13,288.1,360.5
2014-07-14,289.65,359.8
2014-07-15,286.81,359
2014-07-16,285.58,358.8
2014-07-17,285.63,358.4
2014-07-18,283.49,357.8
2014-07-19,283.49,357.4
2014-07-20,283.49,356.5
2014-07-21,286.32,355.8
2014-07-22,285.23,355
2014-07-23,283.88,354.3
2014-07-24,281.3,353.3
2014-07-25,284.02,352.7
2014-07-26,284.02,352.3
2014-07-27,284.02,351.5
2014-07-28,282.55,351.3
2014-07-29,284.52,351.7
2014-07-30,281.58,351.7
2014-07-31,279.75,351
2014-08-01,261.1,350.4
2014-08-02,261.1,350
2014-08-03,261.1,349
2014-08-04,260.01,348.3
2014-08-05,259.06,347.5
2014-08-06,260.98,347.5
2014-08-07,264.33,347.7
2014-08-08,262.48,347.8
2014-08-09,262.48,347.8
2014-08-10,262.48,347.4
2014-08-11,262.57,347.3
2014-08-12,260.45,347.1
2014-08-13,262.66,346.8
2014-08-14,254.03,346.2
2014-08-15,257.5,345.7
2014-08-16,257.5,345.4
2014-08-17,257.5,344.6
2014-08-18,253.67,344.1
2014-08-19,256.36,343.6
2014-08-20,257.51,343.7
2014-08-21,259.91,343.9
2014-08-22,258.89,343.7
2014-08-23,258.89,343.5
2014-08-24,258.89,343.1
2014-08-25,259.54,343.1
2014-08-26,260.01,343.4
2014-08-27,259.05,343.6
2014-08-28,259.08,343.4
2014-08-29,262.29,343.6
2014-08-30,262.29,343.7
2014-08-31,262.29,343.4
2014-09-01,262.29,343.3
2014-09-02,250.99,343.2
2014-09-03,257.99,343.7
2014-09-04,255.67,344.2
2014-09-05,253.91,344
2014-09-06,253.91,343.8
2014-09-07,253.91,343.3
2014-09-08,252.44,342.8
2014-09-09,250.97,342.2
2014-09-10,248.59,341.3
2014-09-11,248.24,340.3
2014-09-12,247.31,339.5
2014-09-13,247.31,339
2014-09-14,247.31,338.1
2014-09-15,247.76,337.3
2014-09-16,250.61,336.4
2014-09-17,251.38,335.6
2014-09-18,249.6,334.8
2014-09-19,252.7,334.3
2014-09-20,252.7,333.8
2014-09-21,252.7,334
2014-09-22,249.01,334.4
2014-09-23,250.4,334.5
2014-09-24,251.23,334.4
2014-09-25,253.98,334.3
2014-09-26,248.81,334
2014-09-27,248.81,333.7
2014-09-28,248.81,333.3
2014-09-29,251.42,333.3
2014-09-30,243.73,332.8
2014-10-01,239.31,332
2014-10-02,236.1,330.7
2014-10-03,232.55,329.7
2014-10-04,232.55,328.9
2014-10-05,232.55,327.9
2014-10-06,234.96,326.7
2014-10-07,231.99,325.4
2014-10-08,228.05,324
2014-10-09,224.15,322.1
2014-10-10,223.38,320.8
2014-10-11,223.38,319.9
2014-10-12,223.38,318.6
2014-10-13,222.47,317.7
2014-10-14,213.86,316.3
2014-10-15,209.92,314.4
2014-10-16,215.03,312.5
2014-10-17,216.46,311.3
2014-10-18,216.46,310
2014-10-19,216.46,309.4
2014-10-20,214.14,308.6
2014-10-21,215.59,307.9
2014-10-22,210.9,307.2
2014-10-23,216.62,305.9
2014-10-24,214.24,305
2014-10-25,214.24,304.3
2014-10-26,214.24,303.4
2014-10-27,213.46,302.3
2014-10-28,215.52,301
2014-10-29,218.16,300.3
2014-10-30,216.1,299.5
2014-10-31,214.78,298.7
2014-11-01,214.78,298
2014-11-02,214.78,297.3
2014-11-03,211.57,296.3
2014-11-04,207.57,295.5
2014-11-05,208.31,294.7
2014-11-06,211.72,294
2014-11-07,212.02,293.3
2014-11-08,212.02,292.7
2014-11-09,212.02,292.6
2014-11-10,208.85,292.3
2014-11-11,208.52,291.7
2014-11-12,208.13,291.4
2014-11-13,198.27,290.3
2014-11-14,202.16,289.3
2014-11-15,202.16,288.5
2014-11-16,202.16,287.5
2014-11-17,200.83,286.3
2014-11-18,202.36,285
2014-11-19,202.25,283.9
2014-11-20,201.5,282.8
2014-11-21,204.39,282
2014-11-22,204.39,281.3
2014-11-23,204.39,281.2
2014-11-24,202.17,281
2014-11-25,201.23,279.9
2014-11-26,201.19,279.2
2014-11-27,201.19,278.2
2014-11-28,182.76,277.6
2014-11-29,182.76,276.9
2014-11-30,182.76,276
2014-12-01,188.47,274.6
2014-12-02,182.14,272.8
2014-12-03,181.57,271.1
2014-12-04,180.3,269.2
2014-12-05,178.32,267.9
2014-12-06,178.32,266.8
2014-12-07,178.32,265.5
2014-12-08,171.96,263.9
2014-12-09,173.6,262.1
2014-12-10,165.59,260
2014-12-11,163.73,257.7
2014-12-12,160.91,255.9
2014-12-13,160.91,254.5
2014-12-14,160.91,252.6
2014-12-15,159.05,250.5
2014-12-16,155.44,247.7
2014-12-17,157.93,245.4
2014-12-18,154.01,242.8
2014-12-19,157.46,240.9
2014-12-20,157.46,239.4
2014-12-21,157.46,237.6
2014-12-22,154.85,235.3
2014-12-23,158.48,233.4
2014-12-24,152.87,232.4
2014-12-25,152.87,230.7
2014-12-26,152.47,229.7
2014-12-27,152.47,228.7
2014-12-28,152.47,227.3
2014-12-29,146.7,225.7
2014-12-30,147.11,224
2014-12-31,147.21,223.1
2015-01-01,147.21,221.7
2015-01-02,146.84,220.9
2015-01-03,146.84,219.9
2015-01-04,146.84,219.4
2015-01-05,141.53,219.1
2015-01-06,138.63,218.2
2015-01-07,137.66,216.8
2015-01-08,138.07,215.2
2015-01-09,136.29,213.9
2015-01-10,136.29,213
2015-01-11,136.29,211.7
2015-01-12,130.97,210.1
2015-01-13,130.32,208.5
2015-01-14,137.9,208.2
2015-01-15,133.39,207.6
2015-01-16,139.05,206.8
2015-01-17,139.05,206.1
2015-01-18,139.05,205.4
2015-01-19,139.05,204.8
2015-01-20,134.13,204.1
2015-01-21,135.82,203.8
2015-01-22,135.69,203.7
2015-01-23,137.25,203.5
2015-01-24,137.25,203.3
2015-01-25,137.25,203.8
2015-01-26,134.7,203.8
2015-01-27,138.41,204.4
2015-01-28,137.7,205.1
2015-01-29,139.13,205.4
2015-01-30,147.88,205.6
2015-01-31,147.88,205.6
2015-02-01,147.88,206.7
2015-02-02,175.69,211.1
2015-02-03,182.32,215.1
2015-02-04,171.69,216.6
2015-02-05,176.3,217.2
2015-02-06,180.36,217.5
2015-02-07,180.36,217.7
2015-02-08,180.36,218.5
2015-02-09,182.8,221.3
2015-02-10,179.79,223.1
2015-02-11,177.14,223.9
2015-02-12,182.73,224.6
2015-02-13,185.91,225
2015-02-14,185.91,225.2
2015-02-15,185.91,225.9
2015-02-16,185.91,226.8
2015-02-17,183.93,227.3
2015-02-18,181.67,227.6
2015-02-19,183.9,228
2015-02-20,184.17,229.3
2015-02-21,184.17,230.1
2015-02-22,184.17,231.2
2015-02-23,183.82,232.8
2015-02-24,182.26,234.3
2015-02-25,191.69,237.3
2015-02-26,190.08,239.6
2015-02-27,197.79,241.4
2015-02-28,197.79,242.7
2015-03-01,197.79,244.1
2015-03-02,189.14,245.1
2015-03-03,194.33,245.5
2015-03-04,192.19,245.8
2015-03-05,188.93,245.8
2015-03-06,188.02,245.4
2015-03-07,188.02,245.3
2015-03-08,188.02,244.8
2015-03-09,186.9,244.7
2015-03-10,181.13,244.5
2015-03-11,182.32,244
2015-03-12,180.69,243.5
2015-03-13,175.85,242.9
2015-03-14,175.85,242.4
2015-03-15,175.85,241.5
2015-03-16,172.64,241.9
2015-03-17,172.56,242.5
2015-03-18,179.63,242.6
2015-03-19,177.15,242.4
2015-03-20,179.48,242.4
2015-03-21,179.48,242.4
2015-03-22,179.48,241.9
2015-03-23,180.32,242.1
2015-03-24,179.77,242.4
2015-03-25,183.48,242.7
2015-03-26,188.15,242.6
2015-03-27,179.68,242.2
2015-03-28,179.68,242
2015-03-29,179.68,241.4
2015-03-30,179.52,240.7
2015-03-31,177,240.1
2015-04-01,181.9,239.9
2015-04-02,175.31,239.5
2015-04-03,175.31,239.1
2015-04-04,175.31,238.8
2015-04-05,175.31,238.2
2015-04-06,183.44,238.8
2015-04-07,185.26,239.9
2015-04-08,173.99,239.8
2015-04-09,176.05,239.3
2015-04-10,180.69,239
2015-04-11,180.69,238.8
2015-04-12,180.69,238.6
2015-04-13,180.75,239.2
2015-04-14,183.83,240.8
2015-04-15,193.69,242.9
2015-04-16,194.06,244.6
2015-04-17,193.4,245.2
2015-04-18,193.4,245.7
2015-04-19,193.4,246.4
2015-04-20,193.68,247.9
2015-04-21,189.26,249.1
2015-04-22,192.65,250.6
2015-04-23,199.34,252.4
2015-04-24,200.58,253.2
2015-04-25,200.58,253.6
2015-04-26,200.58,254.7
2015-04-27,200.49,256.3
2015-04-28,199.69,258
2015-04-29,201.25,259.8
2015-04-30,204.51,260.7
2015-05-01,202.91,261.5
2015-05-02,202.91,262
2015-05-03,202.91,262.8
2015-05-04,202.01,263.8
2015-05-05,205.19,265.1
2015-05-06,203.18,265.9
2015-05-07,198.47,266
2015-05-08,198.63,265.8
2015-05-09,198.63,265.9
2015-05-10,198.63,265.8
2015-05-11,198.01,266.8
2015-05-12,203.23,267.9
2015-05-13,203.2,269
2015-05-14,204.53,269.9
2015-05-15,204.56,270.2
2015-05-16,204.56,270.5
2015-05-17,204.56,270.7
2015-05-18,203.12,272.2
2015-05-19,198.32,273.1
2015-05-20,202.7,273.5
2015-05-21,206.79,273.8
2015-05-22,203.9,273.8
2015-05-23,203.9,274
2015-05-24,203.9,273.8
2015-05-25,203.9,273.9
2015-05-26,198.39,273.9
2015-05-27,193.26,273.6
2015-05-28,197,273.1
2015-05-29,206.27,274
2015-05-30,206.27,274.6
2015-05-31,206.27,275
2015-06-01,200.75,275.6
2015-06-02,203.14,275.9
2015-06-03,200.96,275.8
2015-06-04,194.87,275.4
2015-06-05,199.61,275.1
2015-06-06,199.61,275
2015-06-07,199.61,274.5
2015-06-08,197.48,274.5
2015-06-09,204.19,276.1
2015-06-10,209.96,278.5
2015-06-11,209.3,279.8
2015-06-12,207.51,280.1
2015-06-13,207.51,280.4
2015-06-14,207.51,280.3
2015-06-15,205.83,280.2
2015-06-16,207.96,280.1
2015-06-17,206.06,279.9
2015-06-18,206.9,279.5
2015-06-19,202.02,279.2
2015-06-20,202.02,279.2
2015-06-21,202.02,278.8
2015-06-22,199.62,277.9
2015-06-23,204.33,278.1
2015-06-24,202.48,278.3
2015-06-25,200.85,277.9
2015-06-26,202.04,277.5
2015-06-27,202.04,277.3
2015-06-28,202.04,276.8
2015-06-29,200.33,276.3
2015-06-30,204.94,276.7
2015-07-01,196,277
2015-07-02,198.28,276.7
2015-07-03,198.28,276.7
2015-07-04,198.28,276.5
2015-07-05,198.28,276.3
2015-07-06,186.92,276
2015-07-07,188.33,275.6
2015-07-08,191.05,275.7
2015-07-09,194.92,276.1
2015-07-10,192.97,276.8
2015-07-11,192.97,277
2015-07-12,192.97,277.5
2015-07-13,187.05,277.6
2015-07-14,187.05,277.2
2015-07-15,181.11,276.3
2015-07-16,184.29,275.9
2015-07-17,187.74,275.6
2015-07-18,187.74,275.6
2015-07-19,187.74,275.1
2015-07-20,187.83,274.6
2015-07-21,187.45,274
2015-07-22,182.31,273.2
2015-07-23,180.81,272.1
2015-07-24,178.24,271.5
2015-07-25,178.24,271
2015-07-26,178.24,269.7
2015-07-27,176.66,268.6
2015-07-28,174.84,267.4
2015-07-29,175.5,266.5
2015-07-30,176.9,265.5
2015-07-31,177.2,265.2
2015-08-01,177.2,265.1
2015-08-02,177.2,264.2
2015-08-03,148.84,263
2015-08-04,150.06,262.3
2015-08-05,149.29,261.6
2015-08-06,147.85,260.5
2015-08-07,145.89,259.6
2015-08-08,145.89,259.1
2015-08-09,145.89,257.9
2015-08-10,151.49,258.6
2015-08-11,150.46,261.8
2015-08-12,155.65,265.3
2015-08-13,151.73,266.7
2015-08-14,150.55,266.9
2015-08-15,150.55,267
2015-08-16,150.55,266.4
2015-08-17,149.14,265.6
2015-08-18,148.23,265
2015-08-19,141.8,263.2
2015-08-20,139.29,261.5
2015-08-21,138.44,260.3
2015-08-22,138.44,259.5
2015-08-23,138.44,257.7
2015-08-24,131.17,255.6
2015-08-25,129.35,253.4
2015-08-26,123.06,251.1
2015-08-27,132.87,249
2015-08-28,139.71,247.9
2015-08-29,139.71,247.1
2015-08-30,139.71,245.7
2015-08-31,149.91,244.7
2015-09-01,137.08,243.8
2015-09-02,139.79,242.4
2015-09-03,141.07,241.1
2015-09-04,139.39,240.3
2015-09-05,139.39,239.9
2015-09-06,139.39,239.1
2015-09-07,139.39,238
2015-09-08,138,236.9
2015-09-09,134.26,236
2015-09-10,137.69,235
2015-09-11,135.61,234
2015-09-12,135.61,233.4
2015-09-13,135.61,232.2
2015-09-14,129.65,230.8
2015-09-15,132.2,230.2
2015-09-16,136.89,230.1
2015-09-17,136.24,229.7
2015-09-18,133.82,229.3
2015-09-19,133.82,228.9
2015-09-20,133.82,228.4
2015-09-21,138.38,228.3
2015-09-22,139.76,228.9
2015-09-23,136.49,229.1
2015-09-24,135.13,228.7
2015-09-25,137.93,228.8
2015-09-26,137.93,229
2015-09-27,137.93,228.8
2015-09-28,133.26,228.5
2015-09-29,134.95,228.9
2015-09-30,136.67,229.4
2015-10-01,133.77,229.3
2015-10-02,131.99,229.1
2015-10-03,131.99,229
2015-10-04,131.99,229
2015-10-05,136.17,229.7
2015-10-06,141.69,231.4
2015-10-07,137.95,232.1
2015-10-08,140.12,232
2015-10-09,140.91,231.7
2015-10-10,140.91,231.4
2015-10-11,140.91,230.9
2015-10-12,133.87,230.3
2015-10-13,131.98,229.3
2015-10-14,131.53,228.1
2015-10-15,131.28,227
2015-10-16,133.5,226.2
2015-10-17,133.5,225.7
2015-10-18,133.5,224.7
2015-10-19,126.85,223.6
2015-10-20,128.95,222.4
2015-10-21,128.59,221.8
2015-10-22,130.6,221.1
2015-10-23,129.64,220.5
2015-10-24,129.64,220
2015-10-25,129.64,219.8
2015-10-26,128.28,219.5
2015-10-27,127.83,218.8
2015-10-28,133.84,218.3
2015-10-29,133.94,217.9
2015-10-30,137.16,218.5
2015-10-31,137.16,219.1
2015-11-01,137.16,219.4
2015-11-02,136.96,219.9
2015-11-03,143.03,221.3
2015-11-04,137.83,222.2
2015-11-05,134.91,222.1
2015-11-06,135.31,221.7
2015-11-07,135.31,221.5
2015-11-08,135.31,221
2015-11-09,135.49,220.7
2015-11-10,134.55,220
2015-11-11,131.37,219
2015-11-12,126.19,217.7
2015-11-13,123.12,216.6
2015-11-14,123.12,215.8
2015-11-15,123.12,214.5
2015-11-16,123.4,213
2015-11-17,122.64,211.5
2015-11-18,125.08,210.1
2015-11-19,126.51,208.8
2015-11-20,126.71,207.8
2015-11-21,126.71,207.2
2015-11-22,126.71,206.1
2015-11-23,128.64,205.8
2015-11-24,135.62,205.4
2015-11-25,135.36,205
2015-11-26,135.36,204.6
2015-11-27,133.67,204.3
2015-11-28,133.67,204
2015-11-29,133.67,203.8
2015-11-30,130.69,203.8
2015-12-01,136.47,204.5
2015-12-02,130.03,204.7
2015-12-03,130.78,204.2
2015-12-04,128.39,203.7
2015-12-05,128.39,203.3
2015-12-06,128.39,202.7
2015-12-07,122.63,201.9
2015-12-08,122.13,201
2015-12-09,124.6,201.2
2015-12-10,129.01,201.5
2015-12-11,129.08,201.5
2015-12-12,129.08,201.4
2015-12-13,129.08,201.3
2015-12-14,126.83,201.1
2015-12-15,125.71,200.7
2015-12-16,124.24,200.4
2015-12-17,126.24,200.1
2015-12-18,127,200
2015-12-19,127,199.8
2015-12-20,127,200.5
2015-12-21,121.73,200.9
2015-12-22,118.59,200.6
2015-12-23,125.2,200.3
2015-12-24,127.58,200.2
2015-12-25,127.58,200
2015-12-26,127.58,199.9
2015-12-27,127.58,200.1
2015-12-28,124.3,200.2
2015-12-29,128.53,200
2015-12-30,124.36,199.6
2015-12-31,127.1,199.4
2016-01-01,127.1,199.2
2016-01-02,127.1,199
2016-01-03,127.1,199.3
2016-01-04,131.71,199.9
2016-01-05,128.67,199.6
2016-01-06,119.27,198.8
2016-01-07,117.7,197.7
2016-01-08,115.73,196.9
2016-01-09,115.73,196.5
2016-01-10,115.73,195.6
2016-01-11,113.69,194.6
2016-01-12,110.97,193.7
2016-01-13,108.21,192.5
2016-01-14,109.64,191
2016-01-15,104.58,190
2016-01-16,104.58,189.4
2016-01-17,104.58,188.2
2016-01-18,104.58,187
2016-01-19,105.27,185.8
2016-01-20,104.27,184.6
2016-01-21,105.49,183.7
2016-01-22,110.81,183.2
2016-01-23,110.81,182.6
2016-01-24,110.81,182.7
2016-01-25,105.25,182.8
2016-01-26,106.85,182.2
2016-01-27,106.7,181.3
2016-01-28,110.03,180.4
2016-01-29,113.23,179.9
2016-01-30,113.23,179.5
2016-01-31,113.23,179
2016-02-01,130.26,178.3
2016-02-02,122.96,177.3
2016-02-03,124.33,176.3
2016-02-04,125.22,175.2
2016-02-05,122.18,174.4
2016-02-06,122.18,173.9
2016-02-07,122.18,172.8
2016-02-08,118.41,171.7
2016-02-09,112.64,170.3
2016-02-10,116.64,169.9
2016-02-11,116.68,169.8
2016-02-12,126.79,169.7
2016-02-13,126.79,169.6
2016-02-14,126.79,169.8
2016-02-15,126.79,171
2016-02-16,120.21,171.9
2016-02-17,124.58,172.1
2016-02-18,122.72,171.7
2016-02-19,120.69,171.3
2016-02-20,120.69,171.1
2016-02-21,120.69,170.5
2016-02-22,125.2,170.9
2016-02-23,121.97,171.5
2016-02-24,127.58,172.8
2016-02-25,131.22,174
2016-02-26,129.51,174.6
2016-02-27,129.51,174.9
2016-02-28,129.51,175.8
2016-02-29,132.07,178.5
2016-03-01,133.49,180.4
2016-03-02,134.41,181.1
2016-03-03,133.55,181.3
2016-03-04,136.99,181.3
2016-03-05,136.99,181.2
2016-03-06,136.99,181.2
2016-03-07,142.96,182.2
2016-03-08,142.22,184.4
2016-03-09,149.66,188.6
2016-03-10,147,191.7
2016-03-11,147.64,192.9
2016-03-12,147.64,193.5
2016-03-13,147.64,194.5
2016-03-14,145.6,195.6
2016-03-15,143.97,196.3
2016-03-16,145.14,197.4
2016-03-17,147.32,198.1
2016-03-18,146.09,198.2
2016-03-19,146.09,198.3
2016-03-20,146.09,198.4
2016-03-21,149.12,199.3
2016-03-22,152.6,201.3
2016-03-23,148.32,202.9
2016-03-24,149.46,203.6
2016-03-25,149.46,203.8
2016-03-26,149.46,203.9
2016-03-27,149.46,204.1
2016-03-28,149.56,204.9
2016-03-29,148.08,205.8
2016-03-30,146.61,206.1
2016-03-31,144.67,205.9
2016-04-01,141.35,205.7
2016-04-02,141.35,205.6
2016-04-03,141.35,205.2
2016-04-04,138.98,204.7
2016-04-05,138.91,204.2
2016-04-06,140.89,204.1
2016-04-07,139.53,204.2
2016-04-08,147.49,204.3
2016-04-09,147.49,204.4
2016-04-10,147.49,205.7
2016-04-11,151.89,208.1
2016-04-12,154.72,209.8
2016-04-13,154.3,211
2016-04-14,152.12,211.4
2016-04-15,147.83,211.3
2016-04-16,147.83,211.4
2016-04-17,147.83,211.1
2016-04-18,145.53,210.7
2016-04-19,149.81,211.2
2016-04-20,152.68,212.4
2016-04-21,153.22,213.1
2016-04-22,154.84,213.4
2016-04-23,154.84,213.6
2016-04-24,154.84,214.1
2016-04-25,153.14,215.2
2016-04-26,157.94,217.3
2016-04-27,159.47,219.6
2016-04-28,161.07,220.8
2016-04-29,160.44,221.3
2016-04-30,160.44,221.7
2016-05-01,160.44,222.1
2016-05-02,156.89,222.3
2016-05-03,151.92,222.3
2016-05-04,149.58,222
2016-05-05,149.95,221.5
2016-05-06,150.58,221.2
2016-05-07,150.58,220.9
2016-05-08,150.58,220.5
2016-05-09,145.24,220
2016-05-10,149.67,220.1
2016-05-11,158.86,221.3
2016-05-12,159.12,222
2016-05-13,159.56,222.1
2016-05-14,159.56,222.2
2016-05-15,159.56,222.6
2016-05-16,161.32,224
2016-05-17,163.93,226.2
2016-05-18,165.36,227.3
2016-05-19,163.99,227.9
2016-05-20,164.12,228
2016-05-21,164.12,228.2
2016-05-22,164.12,229
2016-05-23,164.88,230.4
2016-05-24,165.72,231.3
2016-05-25,164.86,231.9
2016-05-26,162.67,232.2
2016-05-27,163.78,232.2
2016-05-28,163.78,232.3
2016-05-29,163.78,232.2
2016-05-30,163.78,232.2
2016-05-31,161.34,232.7
2016-06-01,161.39,234
2016-06-02,163.21,235.4
2016-06-03,160.87,235.7
2016-06-04,160.87,235.9
2016-06-05,160.87,235.7
2016-06-06,159.63,235.6
2016-06-07,159.68,236.2
2016-06-08,162.85,237.5
2016-06-09,162.76,237.9
2016-06-10,157.13,237.8
2016-06-11,157.13,237.8
2016-06-12,157.13,237.3
2016-06-13,154.91,236.6
2016-06-14,153.41,235.9
2016-06-15,151.52,235.1
2016-06-16,147.85,234.1
2016-06-17,152.02,233.6
2016-06-18,152.02,233.2
2016-06-19,152.02,232.5
2016-06-20,159.54,232.1
2016-06-21,160.34,231.9
2016-06-22,159.48,231.6
2016-06-23,161.16,231.1
2016-06-24,153.38,230.8
2016-06-25,153.38,230.7
2016-06-26,153.38,230
2016-06-27,148.64,229.4
2016-06-28,151.99,228.8
2016-06-29,153.83,228.3
2016-06-30,150.13,227.8
2016-07-01,152,227.4
2016-07-02,152,227.2
2016-07-03,152,226.9
2016-07-04,152,226.4
2016-07-05,144.13,225.8
2016-07-06,144.88,225.2
2016-07-07,137.87,224.4
2016-07-08,138.48,223.8
2016-07-09,138.48,223.4
2016-07-10,138.48,222.5
2016-07-11,139.22,221.7
2016-07-12,143.88,221.7
2016-07-13,138.69,222
2016-07-14,142.2,221.5
2016-07-15,142.99,221.1
2016-07-16,142.99,220.8
2016-07-17,142.99,220.1
2016-07-18,139.61,219.4
2016-07-19,138.52,218.6
2016-07-20,137.3,217.8
2016-07-21,136.14,217
2016-07-22,136.15,216.5
2016-07-23,136.15,216.1
2016-07-24,136.15,215.4
2016-07-25,133.35,214.8
2016-07-26,134.36,214.2
2016-07-27,131.72,213.9
2016-07-28,130.11,213.7
2016-07-29,131.94,213.5
2016-07-30,131.94,213.2
2016-07-31,131.94,212.6
2016-08-01,121.16,212
2016-08-02,121.44,211.6
2016-08-03,125.36,212
2016-08-04,127.62,212.4
2016-08-05,128.33,212.3
2016-08-06,128.33,212.3
2016-08-07,128.33,212.4
2016-08-08,127.85,212.7
2016-08-09,126.97,213
2016-08-10,123.04,212.9
2016-08-11,129,212.7
2016-08-12,129.97,212.5
2016-08-13,129.97,212.4
2016-08-14,129.97,212.5
2016-08-15,133.52,213.2
2016-08-16,136.26,213.5
2016-08-17,138.87,214.1
2016-08-18,142.14,215.2
2016-08-19,143.85,215.8
2016-08-20,143.85,216.4
2016-08-21,143.85,217.7
2016-08-22,140.46,218.9
2016-08-23,141.96,219.8
2016-08-24,141.47,220.5
2016-08-25,142.37,221.2
2016-08-26,142.84,221.4
2016-08-27,142.84,221.5
2016-08-28,142.84,221.8
2016-08-29,139.58,222.3
2016-08-30,137.45,222.3
2016-08-31,133.34,221.8
2016-09-01,126.65,221.1
2016-09-02,129.66,220.7
2016-09-03,129.66,220.4
2016-09-04,129.66,219.9
2016-09-05,129.66,219.2
2016-09-06,130.88,218.5
2016-09-07,133.57,218.2
2016-09-08,140.27,218.2
2016-09-09,135.19,218.1
2016-09-10,135.19,217.9
2016-09-11,135.19,217.8
2016-09-12,137.11,218
2016-09-13,134.94,218.2
2016-09-14,133.07,218.3
2016-09-15,137.85,219
2016-09-16,138.39,220
2016-09-17,138.39,220.6
2016-09-18,138.39,221.1
2016-09-19,135.34,221.4
2016-09-20,132.54,221.5
2016-09-21,136.55,221.3
2016-09-22,137.87,221.1
2016-09-23,135.57,220.8
2016-09-24,135.57,220.7
2016-09-25,135.57,220.7
2016-09-26,138.57,220.8
2016-09-27,136.26,220.9
2016-09-28,143.85,221.6
2016-09-29,144.21,222.2
2016-09-30,146.31,222.4
2016-10-01,146.31,222.4
2016-10-02,146.31,222.5
2016-10-03,144.68,223.3
2016-10-04,146.94,224.6
2016-10-05,147.08,225.5
2016-10-06,147.96,225.9
2016-10-07,147.07,225.8
2016-10-08,147.07,225.8
2016-10-09,147.07,225.5
2016-10-10,149.12,225.4
2016-10-11,147.68,225.3
2016-10-12,146.02,225.1
2016-10-13,147.67,224.8
2016-10-14,148.53,224.4
2016-10-15,148.53,224.1
2016-10-16,148.53,223.8
2016-10-17,148.23,223.5
2016-10-18,149.22,223.2
2016-10-19,150.32,223
2016-10-20,147.99,222.5
2016-10-21,151.22,222.2
2016-10-22,151.22,222.3
2016-10-23,151.22,222.5
2016-10-24,148.92,222.8
2016-10-25,148.59,222.5
2016-10-26,147.12,222
2016-10-27,147.77,221.6
2016-10-28,145.49,221.3
2016-10-29,145.49,221
2016-10-30,145.49,220.6
2016-10-31,141.95,221.1
2016-11-01,144.54,221.8
2016-11-02,141.35,222.4
2016-11-03,140.12,222.2
2016-11-04,136.44,221.9
2016-11-05,136.44,221.5
2016-11-06,136.44,220.7
2016-11-07,136.48,220.1
2016-11-08,136.3,219.6
2016-11-09,135.01,218.7
2016-11-10,133.64,217.8
2016-11-11,130.77,217.1
2016-11-12,130.77,216.7
2016-11-13,130.77,215.7
2016-11-14,128.39,214.9
2016-11-15,133.76,214.8
2016-11-16,132.28,215.2
2016-11-17,134.49,214.7
2016-11-18,134.3,214.3
2016-11-19,134.3,213.9
2016-11-20,134.3,213.2
2016-11-21,140.1,213.1
2016-11-22,141.37,212.9
2016-11-23,142.56,212.8
2016-11-24,142.56,212.5
2016-11-25,137.61,212.6
2016-11-26,137.61,212.5
2016-11-27,137.61,213.5
2016-11-28,141.46,215
2016-11-29,137.72,215.5
2016-11-30,148.25,216.2
2016-12-01,155.62,217.2
2016-12-02,156.87,217.8
2016-12-03,156.87,218.1
2016-12-04,156.87,218.5
2016-12-05,156.98,219.2
2016-12-06,154.94,219.7
2016-12-07,152.28,219.8
2016-12-08,151.98,220.5
2016-12-09,152.2,221
2016-12-10,152.2,221.2
2016-12-11,152.2,221.2
2016-12-12,155.75,222
2016-12-13,156.88,222.6
2016-12-14,155.15,222.9
2016-12-15,155.94,223.5
2016-12-16,157.67,224
2016-12-17,157.67,224.2
2016-12-18,157.67,224.6
2016-12-19,158.3,225.3
2016-12-20,161.11,226
2016-12-21,162.02,227.1
2016-12-22,161.98,228
2016-12-23,163.99,228.5
2016-12-24,163.99,228.7
2016-12-25,163.99,228.6
2016-12-26,163.99,229.1
2016-12-27,166.17,230.3
2016-12-28,167.57,231.7
2016-12-29,167.98,233
2016-12-30,167.09,233.6
2016-12-31,167.09,234.2
2017-01-01,167.09,234.7
2017-01-02,167.09,235.3
2017-01-03,164.05,235.9
2017-01-04,166.31,236.5
2017-01-05,165.81,236.7
2017-01-06,165.84,236.9
2017-01-07,165.84,236.9
2017-01-08,165.84,236.5
2017-01-09,159.72,236.1
2017-01-10,157.36,235.6
2017-01-11,161.97,235.1
2017-01-12,163.71,234.7
2017-01-13,163.73,234.4
2017-01-14,163.73,234.3
2017-01-15,163.73,233.8
2017-01-16,163.73,233.5
2017-01-17,162.78,233.2
2017-01-18,157.74,232.6
2017-01-19,156.4,231.9
2017-01-20,159.4,231.3
2017-01-21,159.4,231
2017-01-22,159.4,230.2
2017-01-23,159.26,229.7
2017-01-24,160.18,229.3
2017-01-25,155.24,228.8
2017-01-26,156.93,228.2
2017-01-27,155.18,227.7
2017-01-28,155.18,227.4
2017-01-29,155.18,227.4
2017-01-30,153.31,227.6
2017-01-31,155.01,227.7
2017-02-01,179.71,227.7
2017-02-02,176.32,227.5
2017-02-03,178.27,227.2
2017-02-04,178.27,227
2017-02-05,178.27,226.7
2017-02-06,174.75,226.6
2017-02-07,172.46,226.2
2017-02-08,176.19,226.7
2017-02-09,177.41,227.6
2017-02-10,179.34,227.9
2017-02-11,179.34,228
2017-02-12,179.34,228.2
2017-02-13,176.01,228.4
2017-02-14,176.5,228.4
2017-02-15,176.63,228.5
2017-02-16,174.63,228.4
2017-02-17,174.24,228.3
2017-02-18,174.24,228.2
2017-02-19,174.24,228.1
2017-02-20,174.24,228.5
2017-02-21,172.39,228.5
2017-02-22,173.48,228.5
2017-02-23,174.76,228.6
2017-02-24,173.65,228.6
2017-02-25,173.65,228.6
2017-02-26,173.65,228.9
2017-02-27,174.17,230
2017-02-28,172.94,231.5
2017-03-01,170.76,231.8
2017-03-02,167.26,231.6
2017-03-03,168.3,231.3
2017-03-04,168.3,231.2
2017-03-05,168.3,230.7
2017-03-06,169.97,230.6
2017-03-07,170.69,230.4
2017-03-08,167.25,230.3
2017-03-09,164.24,230
2017-03-10,161.84,229.8
2017-03-11,161.84,229.8
2017-03-12,161.84,229.4
2017-03-13,160.28,229
2017-03-14,160.19,228.6
2017-03-15,160.39,229
2017-03-16,161.2,229.4
2017-03-17,161.48,229.3
2017-03-18,161.48,229.2
2017-03-19,161.48,229.1
2017-03-20,162.48,229.3
2017-03-21,161.7,229.2
2017-03-22,161.25,229
2017-03-23,160.13,228.8
2017-03-24,161.54,228.6
2017-03-25,161.54,228.5
2017-03-26,161.54,228.3
2017-03-27,162.63,229.1
2017-03-28,163.64,230.5
2017-03-29,167.34,231.4
2017-03-30,168.37,232
2017-03-31,170.3,232.3
2017-04-01,170.3,232.6
2017-04-02,170.3,233.3
2017-04-03,168.95,234.9
2017-04-04,171.79,236.9
2017-04-05,171.44,238.1
2017-04-06,172.64,238.5
2017-04-07,174.27,238.7
2017-04-08,174.27,238.9
2017-04-09,174.27,239.2
2017-04-10,175.68,239.8
2017-04-11,175.79,240.3
2017-04-12,174.46,240.6
2017-04-13,173.89,240.7
2017-04-14,173.89,240.7
2017-04-15,173.89,240.7
2017-04-16,173.89,240.6
2017-04-17,172.61,240.9
2017-04-18,171.65,241.6
2017-04-19,166.34,242.3
2017-04-20,167.13,242.1
2017-04-21,164.53,242
2017-04-22,164.53,241.9
2017-04-23,164.53,241.3
2017-04-24,162.58,240.8
2017-04-25,162.61,240.3
2017-04-26,159.44,239.8
2017-04-27,155.43,239.2
2017-04-28,154.81,238.8
2017-04-29,154.81,238.5
2017-04-30,154.81,237.9
2017-05-01,153.25,237.2
2017-05-02,151.73,236.7
2017-05-03,153.69,236.1
2017-05-04,148.48,235.4
2017-05-05,150.79,235
2017-05-06,150.79,234.7
2017-05-07,150.79,234
2017-05-08,152.05,233.7
2017-05-09,149.32,233.8
2017-05-10,154.13,234
2017-05-11,156.34,234
2017-05-12,157.41,234
2017-05-13,157.41,233.8
2017-05-14,157.41,233.6
2017-05-15,159.36,233.6
2017-05-16,160.15,233.8
2017-05-17,160.05,234.6
2017-05-18,160.41,235.2
2017-05-19,164.78,235.5
2017-05-20,164.78,235.8
2017-05-21,164.78,236.1
2017-05-22,165.83,236.7
2017-05-23,165.6,237.2
2017-05-24,164.76,237.4
2017-05-25,160.19,237.2
2017-05-26,162.61,237.1
2017-05-27,162.61,237.1
2017-05-28,162.61,236.8
2017-05-29,162.61,237.2
2017-05-30,162.43,238.1
2017-05-31,159.65,238.2
2017-06-01,158.72,237.8
2017-06-02,156.44,237.6
2017-06-03,156.44,237.5
2017-06-04,156.44,236.9
2017-06-05,153.1,236.4
2017-06-06,154.46,235.8
2017-06-07,148.47,235.1
2017-06-08,148.42,234.4
2017-06-09,149.34,233.9
2017-06-10,149.34,233.6
2017-06-11,149.34,232.9
2017-06-12,148.27,232.4
2017-06-13,149.4,231.8
2017-06-14,143.15,231
2017-06-15,143.37,230.1
2017-06-16,145.01,229.6
2017-06-17,145.01,229.3
2017-06-18,145.01,228.5
2017-06-19,144.46,228.2
2017-06-20,141.88,228
2017-06-21,140.41,227.6
2017-06-22,142.39,227
2017-06-23,142.24,226.5
2017-06-24,142.24,226.2
2017-06-25,142.24,225.4
2017-06-26,142.81,224.7
2017-06-27,145.17,224.2
2017-06-28,147.35,223.9
2017-06-29,147.7,223.5
2017-06-30,151.37,223.4
2017-07-01,151.37,223.4
2017-07-02,151.37,223.2
2017-07-03,152.55,223.1
2017-07-04,152.55,224.2
2017-07-05,149.07,225.9
2017-07-06,151.33,226.3
2017-07-07,148.18,226.3
2017-07-08,148.18,226.3
2017-07-09,148.18,226
2017-07-10,148.41,225.8
2017-07-11,149.91,225.6
2017-07-12,149.95,225.5
2017-07-13,150.53,225.4
2017-07-14,153.34,225.3
2017-07-15,153.34,225.2
2017-07-16,153.34,225.8
2017-07-17,152.59,226.8
2017-07-18,154.08,227.5
2017-07-19,157.84,228.1
2017-07-20,157.2,228.3
2017-07-21,153.42,228.3
2017-07-22,153.42,228.4
2017-07-23,153.42,228.1
2017-07-24,153.36,228.2
2017-07-25,157.2,228.7
2017-07-26,159.44,229.8
2017-07-27,161.97,230.9
2017-07-28,164.58,231.3
2017-07-29,164.58,231.6
2017-07-30,164.58,232
2017-07-31,167.66,233
2017-08-01,154.67,233.4
2017-08-02,154.35,234.4
2017-08-03,153.68,234.6
2017-08-04,155.1,234.6
2017-08-05,155.1,234.7
2017-08-06,155.1,235.1
2017-08-07,153.96,235.9
2017-08-08,152.78,236
2017-08-09,152.88,235.8
2017-08-10,150.91,235.6
2017-08-11,151.79,235.4
2017-08-12,151.79,235.3
2017-08-13,151.79,235
2017-08-14,148.6,234.7
2017-08-15,149.01,234.4
2017-08-16,147.33,234.1
2017-08-17,149.49,233.7
2017-08-18,153.31,233.5
2017-08-19,153.31,233.4
2017-08-20,153.31,233.7
2017-08-21,149.61,234.4
2017-08-22,150.15,234.8
2017-08-23,152.78,235.2
2017-08-24,154.81,235.9
2017-08-25,154.08,236.3
2017-08-26,154.08,236.8
2017-08-27,154.08,237.8
2017-08-28,157.13,240.4
2017-08-29,160.19,244.9
2017-08-30,163.75,251.9
2017-08-31,177.92,259
2017-09-01,160.16,262.1
2017-09-02,160.16,263.8
2017-09-03,160.16,264.8
2017-09-04,160.16,266.1
2017-09-05,158.86,267.2
2017-09-06,158.79,267.4
2017-09-07,158.76,267.2
2017-09-08,158.05,267
2017-09-09,158.05,266.8
2017-09-10,158.05,266.1
2017-09-11,158.1,265.6
2017-09-12,160.03,264.9
2017-09-13,160.03,264.2
2017-09-14,159.67,263.3
2017-09-15,162.14,262.7
2017-09-16,162.14,262.3
2017-09-17,162.14,261.5
2017-09-18,161.66,260.7
2017-09-19,160.59,259.8
2017-09-20,161.58,258.9
2017-09-21,160.66,258.1
2017-09-22,162.61,257.6
2017-09-23,162.61,257.2
2017-09-24,162.61,256.8
2017-09-25,166.74,257.1
2017-09-26,164.91,257.3
2017-09-27,162.2,256.8
2017-09-28,161.48,256.1
2017-09-29,159.1,255.6
2017-09-30,159.1,255.1
2017-10-01,159.1,254.3
2017-10-02,155.15,253.4
2017-10-03,155.83,253.4
2017-10-04,157.3,
